Date,ElCons,Heat,Precipitation amount (mm),Snow depth (cm),Air temperature (degC),Maximum temperature (degC),Minimum temperature (degC)
01/01/2019,799.86,3192,1.5,-1,2.7,4.5,0.5
02/01/2019,787.14,3994,0.2,-1,-2.9,2.2,-6.1
03/01/2019,696.91,5048,1.8,-1,-9.1,-6.1,-11.1
04/01/2019,789.18,4093,0.5,0,-1.2,1.2,-12.1
05/01/2019,677.54,4550,-1,2,-4.7,-0.3,-5.4
06/01/2019,687.89,4478,0.8,2,-3.5,0.5,-7.6
07/01/2019,1064.79,3595,3.5,-1,1.3,2.6,-0.2
08/01/2019,1092.52,3539,12.2,0,0.4,1.8,-0.9
09/01/2019,1002.54,3822,0.8,14,-1.9,0,-4.1
10/01/2019,999.38,4289,0.5,13,-4.1,-3.1,-6.1
11/01/2019,995.48,3538,-1,11,1.4,2.1,-3.8
12/01/2019,667.6,3783,-1,8,-1.3,2,-3.6
13/01/2019,667.79,3905,5.5,8,-2.2,1.1,-6.3
14/01/2019,998.24,3781,1.1,11,-2,0.7,-4.8
15/01/2019,984.99,4399,0.6,12,-6.1,-4.4,-9.6
16/01/2019,982.24,4519,11.2,14,-5.3,-3.4,-8.7
17/01/2019,989.61,4271,0.8,24,-4.5,-1.2,-7.5
18/01/2019,970.5,5002,-1,23,-9.2,-6.1,-11.4
19/01/2019,972.4,4752,2.2,22,-5.2,0.6,-13
20/01/2019,964.5,4975,-1,23,-7.9,-0.4,-11.7
21/01/2019,956.25,6050,-1,21,-15.1,-11.4,-17.3
22/01/2019,981.19,5995,0.3,21,-13.8,-5.3,-20.3
23/01/2019,994.72,4439,1.8,21,-1.7,0.1,-5.6
24/01/2019,941.62,5183,-1,22,-7.8,-1.2,-10.7
25/01/2019,970.35,4619,2.1,21,-3.6,-2.1,-10.1
26/01/2019,650.84,5049,2.5,23,-8.2,-4.7,-9.9
27/01/2019,644.29,5729,-1,29,-13.8,-9.8,-16
28/01/2019,982.85,5200,12.3,27,-7.3,-5.1,-15.9
29/01/2019,975.4,4663,8.6,36,-4.5,-3.8,-5.6
30/01/2019,987.22,4104,1.2,42,-0.8,0.8,-4.7
31/01/2019,970.4,3964,-1,40,-0.8,0.7,-3.4
01/02/2019,969.85,4386,0.8,39,-3.6,-1.3,-5.8
02/02/2019,659.7,4302,8.1,37,-2.6,-1.9,-4.4
03/02/2019,667.94,4015,5.7,42,-0.6,2,-3.3
04/02/2019,753.3,4297,1.6,39,-3.5,1.2,-5.8
05/02/2019,953.39,3840,5.2,39,0,1.2,-5.7
06/02/2019,1007.79,4276,2.2,44,-3.7,-0.2,-7.8
07/02/2019,849.99,3804,1.1,46,0.1,1.7,-6
08/02/2019,947.87,3488,0.5,43,1.5,2.4,0.7
09/02/2019,670.46,3378,5.9,34,2,2.7,1.6
10/02/2019,675.1,3308,2.5,31,2.2,3.1,0.5
11/02/2019,984.52,3342,7.3,28,1.3,2.8,0.4
12/02/2019,954.54,3695,-1,27,-1.1,0.7,-2.3
13/02/2019,984.67,3664,1.9,27,-0.1,1.1,-3.7
14/02/2019,927.73,3304,-1,28,2.3,2.9,0.7
15/02/2019,930.58,2931,-1,26,5,7.7,1.9
16/02/2019,668.72,3100,-1,25,3,6.9,0.9
17/02/2019,663.4,3375,-1,22,1.2,4,-0.9
18/02/2019,723.67,3506,-1,22,0.7,2.5,-2.7
19/02/2019,731.03,3236,3.7,19,2.1,2.2,1.6
20/02/2019,745.5,3554,0.1,17,-0.6,2.8,-3.8
21/02/2019,721.64,4546,-1,16,-6.4,-3.8,-8.3
22/02/2019,698.97,4812,1.6,16,-6.2,-2.2,-10.8
23/02/2019,655.98,3718,-1,16,1.8,5.2,-4.5
24/02/2019,659.73,3481,-1,16,2.7,4.5,0.9
25/02/2019,981.01,2913,0.9,14,5.2,7.8,4.2
26/02/2019,966.36,3252,-1,13,2.1,4.8,1.1
27/02/2019,985.9,3012,-1,12,3.5,5.7,-0.5
28/02/2019,963.63,3053,0.5,11,2,5.1,-1.2
01/03/2019,928.45,4164,-1,10,-4.9,-1.1,-7.6
02/03/2019,675.5,3536,-1,10,0.5,3.1,-5.2
03/03/2019,665.5,4238,-1,10,-4.9,1.5,-7.9
04/03/2019,982.19,3996,3.8,9,-2.7,-1.3,-4.9
05/03/2019,956.66,4126,-1,14,-4.6,-1.3,-7.4
06/03/2019,983.63,4719,0.2,13,-6.9,-2.7,-14.3
07/03/2019,1004.76,3748,8.7,12,0.2,0.7,-2.8
08/03/2019,969.53,3199,5.1,13,3,4.7,0.6
09/03/2019,686.44,3409,3.7,9,0.4,3.3,-1.9
10/03/2019,681.95,3521,-1,10,-0.8,2.1,-2.2
11/03/2019,1028.04,4120,0.1,10,-4.9,-2.2,-6.7
12/03/2019,991.05,4309,-1,10,-4.8,-1.3,-8.6
13/03/2019,954.79,4102,4.2,10,-3.3,-0.1,-9.1
14/03/2019,985.65,3502,0.4,14,1.4,2.6,-1.1
15/03/2019,955.39,3284,3.7,10,2.1,2.5,1.5
16/03/2019,683.53,3265,1.7,8,1.8,3.1,1.1
17/03/2019,682.79,3262,8.1,7,1.7,2.5,0.6
18/03/2019,978.36,2981,1,5,3.3,4.1,1.7
19/03/2019,975.61,3009,0.2,2,2.6,4.9,2
20/03/2019,973.52,3232,0.7,-1,1.3,3.3,-0.4
21/03/2019,990.13,2954,0.1,-1,2.9,5.3,0.9
22/03/2019,969.53,2824,-1,-1,3.9,7.4,1.2
23/03/2019,698.9,3022,0.5,-1,2.3,3.6,1.2
24/03/2019,697.66,2785,-1,-1,4,6.8,1.5
25/03/2019,1009.08,3039,0.2,-1,1.5,5.3,-0.7
26/03/2019,971.87,3238,-1,-1,0.3,3.5,-2.9
27/03/2019,955.33,3265,-1,-1,0.2,3.1,-4.1
28/03/2019,991.01,2847,-1,-1,3.6,7.4,-0.9
29/03/2019,926.03,2405,-1,-1,6.1,11.5,2.6
30/03/2019,754.25,2430,1.2,-1,5.3,10,2.8
31/03/2019,720.6,2627,1,-1,3.3,5.6,2.3
01/04/2019,1027.69,2813,-1,-1,3.5,7.8,-0.1
02/04/2019,1012.62,2764,-1,-1,3.4,6,1
03/04/2019,965.77,2447,-1,-1,6,10.8,2.1
04/04/2019,999.78,2168,-1,-1,6.6,12.5,3.5
05/04/2019,967.58,2190,-1,-1,5.8,11.6,-0.1
06/04/2019,737.87,2208,-1,-1,6.6,10.9,2.1
07/04/2019,733.11,2139,-1,-1,6.4,10.3,1
08/04/2019,985.01,2564,3.4,-1,2.3,9.5,1.3
09/04/2019,989.52,2732,2.1,-1,2.2,5.1,0.9
10/04/2019,981.94,3271,-1,-1,-0.4,2.5,-1.2
11/04/2019,997.14,3380,-1,-1,-0.3,4.3,-3.1
12/04/2019,953.71,3107,-1,-1,1.5,5,-3.6
13/04/2019,719.4,2767,-1,-1,4.5,6.4,2
14/04/2019,753,2591,-1,-1,4.9,8.9,3.2
15/04/2019,989.68,2531,-1,-1,4.7,9.1,-0.7
16/04/2019,997.43,2148,-1,-1,7.1,13.1,1.1
17/04/2019,987.63,2009,-1,-1,7,11.1,1.1
18/04/2019,1060.75,1644,-1,-1,9.2,15.8,3.9
19/04/2019,775.98,1306,-1,-1,12,17.1,4.3
20/04/2019,747.72,1596,-1,-1,9.4,13.8,5.4
21/04/2019,740.22,1953,-1,-1,6.4,9.2,3.8
22/04/2019,770.8,1523,-1,-1,9.8,14.9,4.5
23/04/2019,1000.85,1217,-1,-1,12.3,18.6,6.1
24/04/2019,1016.58,1161,-1,-1,11.9,16.8,4.8
25/04/2019,1040.93,1019,0.1,-1,13.7,17.5,8.4
26/04/2019,1032.83,1028,0.6,-1,12.2,15.3,10.1
27/04/2019,762.03,781,-1,-1,14.3,18.7,8.5
28/04/2019,753.34,1837,-1,-1,6.1,13.9,4.5
29/04/2019,997.11,1975,-1,-1,5.6,9.3,1.3
30/04/2019,973.63,1848,-1,-1,6.7,10.1,3.1
01/05/2019,781.89,1594,4.2,-1,8.3,14.4,3.4
02/05/2019,1018.99,2046,13.2,-1,4.4,7.9,2.7
03/05/2019,992.31,2603,-1,-1,2,5.2,0.3
04/05/2019,749.69,2703,6.1,-1,2.1,5.8,-0.4
05/05/2019,749.11,2339,-1,-1,4.8,8.5,-0.2
06/05/2019,1046.18,2100,-1,-1,6.7,10,3.7
07/05/2019,1006.95,1966,-1,-1,7,9.5,5.2
08/05/2019,1010.76,1878,-1,-1,7.3,11.3,4.7
09/05/2019,1010.97,1700,-1,-1,9.4,13.2,3.8
10/05/2019,981.47,1736,3.6,-1,8.4,11.6,7.7
11/05/2019,734.82,1603,8.3,-1,9.5,12,7.4
12/05/2019,719.72,1577,-1,-1,8.8,12.6,5.7
13/05/2019,1004.83,1730,-1,-1,8.6,12.3,4.9
14/05/2019,1019.14,1612,-1,-1,9,14,6.6
15/05/2019,1002.7,1399,-1,-1,10.1,13.6,5.1
16/05/2019,978.99,1138,-1,-1,11.8,16,4.9
17/05/2019,962.54,884,-1,-1,13.8,18.2,6.7
18/05/2019,732.53,583,-1,-1,15.6,20.2,8.9
19/05/2019,740.19,473,-1,-1,17.1,21,12.2
20/05/2019,1036.69,483,0.8,-1,17.3,20.5,13.9
21/05/2019,1119.86,335,-1,-1,18.3,24.5,14.8
22/05/2019,1003.47,283,0.2,-1,17.8,21.6,15.5
23/05/2019,1111.91,809,0.5,-1,12.6,17.8,9.6
24/05/2019,1080.39,1526,1.8,-1,9.3,10.5,8.2
25/05/2019,778.41,1134,0.9,-1,10.9,13.4,8.3
26/05/2019,775.16,1351,14.8,-1,9.5,11.8,8.1
27/05/2019,1000.84,1219,0.4,-1,10.5,12.9,8.9
28/05/2019,979.26,1080,3.9,-1,11.7,15.2,9
29/05/2019,975.63,946,-1,-1,12.4,16,10.8
30/05/2019,807.5,1015,3.2,-1,12.5,16.4,6.1
31/05/2019,989.59,1026,-1,-1,12.1,15.3,8.7
01/06/2019,782.75,915,2.3,-1,12.3,16.5,8.4
02/06/2019,727.51,903,-1,-1,13.4,17.8,10.1
03/06/2019,653.38,922,5.6,-1,13,16.7,7.1
04/06/2019,546.7,468,-1,-1,17.2,23.6,12.7
05/06/2019,589.73,407,-1,-1,18.7,23.1,12.7
06/06/2019,611.52,188,-1,-1,21.6,26.9,14.9
07/06/2019,716.69,143,-1,-1,21.9,26.8,18.2
08/06/2019,365,122,2.5,-1,22.1,26.5,17.3
09/06/2019,364.48,130,-1,-1,18.3,22.2,16.2
10/06/2019,685.2,414,-1,-1,16.4,19.5,13.7
11/06/2019,656.23,408,-1,-1,17,21.7,12.2
12/06/2019,655.33,589,-1,-1,15,18.7,12.6
13/06/2019,510.55,626,1.1,-1,14,16,12.2
14/06/2019,606.8,671,-1,-1,14.4,16.5,12.6
15/06/2019,333.92,529,-1,-1,16.9,21.6,13.5
16/06/2019,328.87,360,-1,-1,18.4,23.3,12.5
17/06/2019,646.68,225,-1,-1,18.5,22.4,13.6
18/06/2019,654.86,325,-1,-1,18.2,22.8,15
19/06/2019,644.7,353,-1,-1,18.8,22.6,14.1
20/06/2019,645.31,167,-1,-1,20,24.6,15
21/06/2019,626.5,132,-1,-1,20,24.5,17.2
22/06/2019,363.13,253,0.7,-1,17.3,20,14.2
23/06/2019,359.12,342,-1,-1,17.3,20.2,13.6
24/06/2019,644.5,280,-1,-1,19.5,23.8,13.9
25/06/2019,636.65,401,0.7,-1,17,20.8,11.6
26/06/2019,634.58,519,2,-1,15.1,19.5,13.5
27/06/2019,606.53,566,0.7,-1,15.8,20.1,13.6
28/06/2019,503.74,460,-1,-1,16.9,21.5,11.5
29/06/2019,214.61,430,-1,-1,15.7,21.3,10.9
30/06/2019,310.58,364,-1,-1,17.6,23.2,14.4
01/07/2019,600.17,230,0.1,-1,17.9,23.7,15.9
02/07/2019,639.29,496,22.5,-1,15.5,19.5,13.6
03/07/2019,487.44,502,-1,-1,15.2,20.6,11.9
04/07/2019,483.7,493,13.7,-1,13.9,17.7,10.2
05/07/2019,469.87,608,11.7,-1,12.9,16.5,11
06/07/2019,194.4,499,7.4,-1,13.3,19.1,10.2
07/07/2019,261.57,577,2.1,-1,14.6,18.4,10.2
08/07/2019,559.49,613,10.3,-1,15.2,19.9,13
09/07/2019,478.59,744,-1,-1,13,15.2,11.4
10/07/2019,459.74,439,-1,-1,16.8,21.4,12.2
11/07/2019,534.65,696,0.2,-1,13,19.5,11.6
12/07/2019,439.57,516,-1,-1,14.4,20,8.4
13/07/2019,207.11,413,-1,-1,16.5,21.6,13.2
14/07/2019,266.87,582,-1,-1,15.4,18.1,11.4
15/07/2019,577.04,448,0.5,-1,16.5,19.2,12.8
16/07/2019,538.75,419,3.5,-1,15.9,20,13.9
17/07/2019,473.72,331,-1,-1,17.8,22.9,13
18/07/2019,574.5,363,-1,-1,19.7,24.7,12.7
19/07/2019,603.97,279,-1,-1,19.8,25,14.7
20/07/2019,356.78,234,-1,-1,19.7,25.1,13.1
21/07/2019,357.8,147,-1,-1,20.5,25.1,14.2
22/07/2019,643.28,120,0.2,-1,20,22.5,17.9
23/07/2019,641.02,128,-1,-1,21.8,25.7,16.3
24/07/2019,648.99,123,-1,-1,23.3,28.7,16.4
25/07/2019,644.66,110,-1,-1,20.9,25.4,18.5
26/07/2019,625.06,109,-1,-1,22.2,25.6,17.4
27/07/2019,355.27,106,-1,-1,24.9,29.1,19.3
28/07/2019,363.94,104,-1,-1,25.3,33.2,20.2
29/07/2019,657.75,121,-1,-1,17.6,21.6,16.6
30/07/2019,664.61,442,-1,-1,14.5,18.5,11.5
31/07/2019,508.42,610,-1,-1,16,21.2,11.4
01/08/2019,647.76,602,-1,-1,15.1,19,11.7
02/08/2019,565.76,504,-1,-1,16.1,21.6,11.1
03/08/2019,248.94,503,-1,-1,13.8,18.3,9.8
04/08/2019,195.66,440,-1,-1,13.4,18.3,8.8
05/08/2019,537.48,429,-1,-1,16.6,23,9.4
06/08/2019,670.65,470,0.9,-1,16.9,20.3,12.6
07/08/2019,706.99,358,3,-1,17.1,19.9,15.1
08/08/2019,826.37,357,-1,-1,17.4,20.7,14.2
09/08/2019,853,372,-1,-1,17.4,21.8,14.3
10/08/2019,350.37,277,-1,-1,18.2,21.9,12.4
11/08/2019,400.59,188,4.7,-1,18,19.7,16.3
12/08/2019,905.15,223,0.1,-1,18.5,21.1,17.3
13/08/2019,923.23,287,0.5,-1,18,20.3,16.4
14/08/2019,859,295,0.1,-1,17.4,19.8,16.1
15/08/2019,874.77,423,1.2,-1,17.3,20.6,14.5
16/08/2019,866.36,415,-1,-1,16.8,20.2,12.7
17/08/2019,355,211,-1,-1,18.6,22.2,16.8
18/08/2019,397.97,200,3.7,-1,18.8,21.4,16.7
19/08/2019,901.07,228,2,-1,17.7,19.7,15.9
20/08/2019,898.24,361,-1,-1,17.8,20.5,15.1
21/08/2019,931.84,335,-1,-1,17.3,19.4,16.3
22/08/2019,906.34,490,50.2,-1,17.2,21.1,12.9
23/08/2019,904.68,515,12.3,-1,16.1,19.4,13
24/08/2019,360.06,394,-1,-1,17.3,21.4,14.4
25/08/2019,386.91,585,-1,-1,16.5,20.2,10.3
26/08/2019,927.54,374,-1,-1,19,22.6,15.3
27/08/2019,1032.79,308,-1,-1,17.9,21.2,14.1
28/08/2019,1069.4,344,-1,-1,18.8,23.1,14
29/08/2019,1073.48,259,3.5,-1,19.8,22.2,16.8
30/08/2019,1049.43,208,-1,-1,18.8,21.1,17.7
31/08/2019,744.58,301,-1,-1,17.8,20.5,14.1
01/09/2019,742.06,246,-1,-1,18.3,21.6,15.3
02/09/2019,1041.27,310,8.2,-1,17.9,22.5,14.3
03/09/2019,1098.04,432,-1,-1,15.4,18.8,12.9
04/09/2019,1108.17,436,-1,-1,16.4,20.2,11.3
05/09/2019,1087.85,425,4.9,-1,16.5,19.7,12.7
06/09/2019,1106.27,558,0.9,-1,15.1,17.2,13.5
07/09/2019,778.86,623,3.6,-1,14.1,18.3,9.8
08/09/2019,735.98,583,0.9,-1,15.7,17,12.5
09/09/2019,1042.72,473,3.5,-1,16.8,18.7,14.8
10/09/2019,1009.09,353,-1,-1,18.9,21.1,15.7
11/09/2019,1058.18,464,4.3,-1,16.6,20.4,15
12/09/2019,1024.41,556,0.4,-1,15.8,17.2,14.9
13/09/2019,1014.73,838,8.5,-1,13.1,16.5,11.1
14/09/2019,713.56,1248,8.9,-1,11,14.6,9
15/09/2019,709.15,1225,13.3,-1,11,13.5,6.6
16/09/2019,994.27,1331,1.6,-1,10.6,14.1,9
17/09/2019,984.53,1555,0.1,-1,8.9,11.9,5.8
18/09/2019,991.92,1599,0.1,-1,8.7,13.5,6.9
19/09/2019,975.24,1904,-1,-1,6.6,11.9,2
20/09/2019,967.04,2008,1.9,-1,7.1,11.5,1.6
21/09/2019,690.2,1773,0.7,-1,8.9,10.9,6.1
22/09/2019,681.53,2109,-1,-1,6.7,10.6,3.8
23/09/2019,974.93,2283,-1,-1,5.7,10.6,1.4
24/09/2019,992.21,2043,3.3,-1,7.2,10,3.6
25/09/2019,960.7,1941,0.8,-1,7.4,8.6,7.1
26/09/2019,717.39,1416,-1,-1,8.4,13.1,3.7
27/09/2019,714.54,1360,-1,-1,9,13.7,4.2
28/09/2019,226.16,950,1.7,-1,11.8,14.2,9.6
29/09/2019,226.88,807,0.9,-1,12.5,14.4,10.9
30/09/2019,742.23,854,8,-1,12.7,14.5,11.7
01/10/2019,728.86,1219,2.1,-1,8.2,12.9,5.2
02/10/2019,726.34,1379,0.5,-1,6.9,9.9,4.1
03/10/2019,737.7,1769,2.5,-1,4.5,6.6,3.4
04/10/2019,718.84,1987,0.9,-1,2.4,5.3,1.5
05/10/2019,222.85,1604,-1,-1,2.5,5.8,-0.2
06/10/2019,228.86,1578,-1,-1,4,6.9,0.3
07/10/2019,728.03,1902,0.1,-1,4.5,7.9,2.7
08/10/2019,722.91,1804,-1,-1,5,7.2,2.4
09/10/2019,698.42,1809,1.1,-1,4.8,7.6,1.9
10/10/2019,743.53,1602,2.4,-1,7.1,10.2,4.8
11/10/2019,730.05,1277,33.8,-1,10.4,12.3,5.7
12/10/2019,230.68,1042,0.1,-1,9.8,11.5,8.2
13/10/2019,225.87,1078,1.4,-1,8.9,12.2,6.4
14/10/2019,499.87,1666,9.3,-1,5,8.5,2.4
15/10/2019,491.25,1868,0.1,-1,4.4,7.8,-1.1
16/10/2019,476.38,1711,-1,-1,6.8,8.3,5
17/10/2019,479.84,1908,3.6,-1,5.1,5.6,4.6
18/10/2019,476.65,1668,3,-1,8,10.3,4.8
19/10/2019,221.56,1078,2.9,-1,11.5,12.4,10.3
20/10/2019,222.54,1124,13.3,-1,9.9,11.3,7.6
21/10/2019,748.11,1577,0.2,-1,6.7,10.7,4.4
22/10/2019,723.66,1340,0.1,-1,9.6,11.4,2.8
23/10/2019,714.9,1311,-1,-1,10.1,11.9,8.1
24/10/2019,731.01,1189,-1,-1,11.1,12.1,10.5
25/10/2019,730.38,1196,0.6,-1,10.7,12.1,9.7
26/10/2019,229.73,1159,13.2,-1,7.5,11.6,5.8
27/10/2019,241.65,1451,9.7,-1,3.2,5.7,1.1
28/10/2019,716.94,2137,0.8,-1,0.9,2.8,0.1
29/10/2019,695.31,2461,-1,-1,-1,1.4,-3
30/10/2019,707.03,2610,0.1,-1,-0.4,1.6,-3.4
31/10/2019,710.94,2087,-1,-1,4.7,5.9,1.4
01/11/2019,660.4,2285,0.1,-1,1.4,4.8,-0.4
02/11/2019,236.35,1623,4.2,-1,5,6.5,-1.1
03/11/2019,229.84,1634,-1,-1,3.3,5.3,1.1
04/11/2019,722.99,2530,-1,-1,-0.5,2.6,-1.4
05/11/2019,705.94,2700,-1,-1,-1.2,0.6,-2.4
06/11/2019,671.39,2936,0.4,-1,-2.5,-0.6,-3.7
07/11/2019,703.1,2950,0.8,-1,-1.5,1.3,-3.7
08/11/2019,680.99,2679,1,2,1.7,5.2,-0.8
09/11/2019,230.19,1747,4.7,-1,6.5,7.1,5.2
10/11/2019,234.04,1577,7.8,-1,7.6,8.9,5.8
11/11/2019,699,2493,-1,-1,0.6,8,-0.7
12/11/2019,697.36,2264,12.6,-1,3.4,6.3,-0.9
13/11/2019,747.1,1898,20.1,-1,7,7.8,5.2
14/11/2019,720.72,1666,2.7,-1,8.3,10.5,6.4
15/11/2019,696.25,2181,-1,-1,2.7,6.3,0.9
16/11/2019,233.21,1849,0.4,-1,1.8,2.5,-0.4
17/11/2019,234.64,1543,-1,-1,7.4,8.8,2.5
18/11/2019,791.56,1954,0.6,-1,6.2,8,3.4
19/11/2019,738.02,1814,-1,-1,6.9,7.5,6.2
20/11/2019,715.57,1852,-1,-1,6.1,6.9,5.6
21/11/2019,734.14,2038,0.2,-1,5,6,3.4
22/11/2019,781.77,2271,-1,-1,1.9,5.5,0.1
23/11/2019,426.75,1867,-1,-1,1,1.4,-0.1
24/11/2019,427.74,1957,-1,-1,-0.1,1.2,-0.5
25/11/2019,949.81,2505,-1,-1,1,1.7,-0.7
26/11/2019,954.91,2417,0.3,-1,1.7,2.2,1.2
27/11/2019,978.24,2303,6.8,-1,2.5,2.9,1.8
28/11/2019,745.81,2177,13.6,-1,3.7,4.4,2.9
29/11/2019,786.38,2051,5.3,-1,3.6,5.4,-0.3
30/11/2019,395.64,2092,-1,2,-3,-0.3,-4.5
01/12/2019,444.01,2097,-1,2,-0.5,1.3,-3.3
02/12/2019,938.86,2785,-1,2,-0.9,0.8,-1.9
03/12/2019,917.9,2856,-1,2,-0.4,2.2,-2.9
04/12/2019,865.93,2301,-1,-1,4.5,6.2,2.1
05/12/2019,706.64,2018,0.1,-1,6.6,7.3,3.9
06/12/2019,457.21,1975,4.2,-1,5.9,7.3,4.9
07/12/2019,237.06,1561,4.6,-1,5.8,6.9,4.8
08/12/2019,343.97,1675,7,-1,3.2,6.2,1.8
09/12/2019,741.13,1859,7.4,-1,6.4,7.7,3.2
10/12/2019,964.18,2642,-1,2,-1.7,6.1,-4.2
11/12/2019,1012.66,2482,0.7,2,1.8,3.1,-4.9
12/12/2019,986.33,2499,0.6,-1,1.8,3.1,0.6
13/12/2019,836.73,2303,0.4,-1,3.1,3.9,1.4
14/12/2019,423.5,1833,9.3,-1,3,3.6,2
15/12/2019,460.68,1801,3.6,-1,2.8,3.6,1.2
16/12/2019,660.85,2219,7.7,-1,3.8,4.7,3.2
17/12/2019,657.05,2144,5.7,-1,4.5,5.5,3.4
18/12/2019,728.49,2056,16.2,-1,4.5,7,2.1
19/12/2019,868.84,2451,-1,-1,1.8,3,1.3
20/12/2019,641.59,2190,0.1,-1,4,4.6,0.7
21/12/2019,185.6,1759,-1,-1,3.1,4.1,2.6
22/12/2019,185.6,1640,1.4,-1,4.7,5.9,2.9
23/12/2019,432.89,2054,0.3,-1,4.6,5.8,4
24/12/2019,411.37,2256,6.9,-1,3,4.4,2.6
25/12/2019,564.83,2454,-1,-1,1.7,2.7,0.9
26/12/2019,601.14,2604,-1,-1,0.6,1.8,0.3
27/12/2019,558.37,2922,-1,-1,-2.2,0.4,-4.1
28/12/2019,249.29,2474,-1,-1,-4.6,-2.5,-6.6
29/12/2019,352.09,2126,0.1,-1,2,4.5,-7.1
30/12/2019,503.61,2322,-1,-1,5.4,6.7,4.4
31/12/2019,621.72,2701,0.1,-1,1.8,5.5,-1
01/01/2020,685.65,2684,-1,-1,2.3,4,-1.2
02/01/2020,596.42,2476,-1,-1,4.3,5.6,2.6
03/01/2020,487.96,2289,0.3,-1,5.1,6.2,4.7
04/01/2020,400.62,1897,-1,-1,2.5,5.4,2.1
05/01/2020,398.44,2204,2.7,-1,-1,2.2,-4.2
06/01/2020,729.47,2699,0.3,-1,2.1,3.3,-1.5
07/01/2020,750.61,2327,0.8,-1,5,5.9,3.2
08/01/2020,784,2168,1.4,-1,5.7,7.4,4.7
09/01/2020,883.99,2435,-1,-1,2.9,7.5,1.5
10/01/2020,910.03,2722,-1,-1,-1.5,1.6,-2.4
11/01/2020,410.56,2084,6.2,-1,0.8,4.3,-4
12/01/2020,218.9,1764,0.3,-1,5.5,6.5,3.2
13/01/2020,943.6,2529,-1,-1,2.3,5.7,1.3
14/01/2020,833.36,2339,3.5,-1,3.8,4.7,2.4
15/01/2020,784.14,2016,7.7,-1,6.1,7.4,3.3
16/01/2020,751.16,2061,-1,-1,5.5,6.9,4.6
17/01/2020,725.35,2147,-1,-1,4.7,5.8,3.3
18/01/2020,226.39,1690,1.3,-1,3.9,5.2,2.4
19/01/2020,193.35,1712,-1,-1,4,5.4,2.7
20/01/2020,791.92,2331,-1,-1,3.7,4.5,1.8
21/01/2020,746.56,2058,0.4,-1,5.6,8.3,3.5
22/01/2020,951.08,2559,-1,-1,1.7,4.5,-0.1
23/01/2020,981.96,2664,-1,-1,0.9,4,-2
24/01/2020,920.72,2362,1.2,-1,2.1,4,1.3
25/01/2020,385.47,1966,0.5,-1,1.2,2.8,0.3
26/01/2020,283.25,1824,0.9,-1,3.5,5.6,-0.6
27/01/2020,999.4,2618,7.5,-1,1.1,3.7,-0.4
28/01/2020,727.87,2283,4,-1,3.4,4.1,2
29/01/2020,960.57,2435,8.9,-1,2,3.3,0.9
30/01/2020,1015.9,2431,5,-1,2,2.7,1.1
31/01/2020,904.24,2371,0.1,-1,2.2,2.7,1.4
01/02/2020,414.83,1772,5.7,-1,2.9,3.2,2
02/02/2020,193.63,1652,0.8,-1,4.1,5.5,2.4
03/02/2020,954.79,2558,-1,-1,0,2.4,-1.1
04/02/2020,814.73,3046,-1,-1,-3.8,-1.1,-5.3
05/02/2020,733.23,2875,0.1,-1,-0.6,2.2,-6.1
06/02/2020,877.62,3242,-1,-1,-2.8,2.2,-5.3
07/02/2020,777.51,3290,0.8,-1,-3,0.3,-7.1
08/02/2020,421.6,2208,-1,-1,1.3,2.7,-0.1
09/02/2020,281.89,1979,6,-1,3.7,4.1,2.5
10/02/2020,824.63,2244,2.2,-1,4.1,5.2,3.2
11/02/2020,767.46,2164,9.6,-1,3.6,4.9,2
12/02/2020,887.41,2255,2.6,-1,3.1,4.3,0.5
13/02/2020,852.74,2349,-1,-1,2.2,3.7,1.6
14/02/2020,865.96,2634,-1,-1,-0.4,1.6,-2.1
15/02/2020,422.84,1940,3,-1,2.4,3.4,-1.9
16/02/2020,188.47,1803,33.9,-1,4,4.8,2.9
17/02/2020,490.94,2099,1,-1,5.3,5.8,4.1
18/02/2020,486.12,2085,-1,-1,5.4,6.2,4.9
19/02/2020,469.15,2163,0.2,-1,4.3,6.5,3.5
20/02/2020,665.37,2544,0.3,-1,1.6,3.8,0.3
21/02/2020,604.55,2250,0.3,-1,3.5,4.4,0.8
22/02/2020,231.66,1700,11,-1,4.3,4.9,2.1
23/02/2020,221.59,1654,-1,-1,4.1,6.2,2.5
24/02/2020,884.95,2348,-1,-1,2,4.6,0.8
25/02/2020,903.75,2583,-1,-1,-0.9,1.7,-3
26/02/2020,903.75,2562,-1,-1,-0.7,1.8,-1.9
27/02/2020,854.63,2943,-1,-1,-3,0.1,-5.8
28/02/2020,776.04,2986,-1,-1,-3.5,1.1,-6.8
29/02/2020,328.15,2252,2.8,-1,-2,2.2,-8.2
01/03/2020,461.94,1995,10,-1,2.2,4.1,0.5
02/03/2020,814.6,2313,0.3,-1,3.6,5.3,2.7
03/03/2020,785.69,2410,0.4,-1,2.6,3.8,1.4
04/03/2020,970.69,2544,10.8,-1,2.3,3.2,0.6
05/03/2020,797.31,2249,1.8,-1,3.3,3.9,2.8
06/03/2020,816.23,2246,-1,-1,2.7,5.1,1.1
07/03/2020,296.32,1838,-1,-1,1.4,4,-1.2
08/03/2020,344.88,1840,-1,-1,1.4,3.6,-2.2
09/03/2020,805.31,2166,1.6,-1,4.1,5.4,3
10/03/2020,731.36,2161,4.3,-1,3.8,5,3.1
11/03/2020,676.52,2121,7.6,-1,3.5,4.3,3
12/03/2020,692.86,1982,7.8,-1,4.1,6.7,2.9
13/03/2020,837.12,2276,-1,-1,1.4,4,0.1
14/03/2020,389.88,2040,-1,-1,-1.8,0.8,-4.6
15/03/2020,339.7,1919,1.3,-1,1.8,4.2,-3.6
16/03/2020,791.19,2308,0.4,-1,3.4,6.2,1
17/03/2020,681.41,2415,-1,-1,2.3,4.8,-3.3
18/03/2020,509.51,2111,1.5,-1,4.7,6.3,3.8
19/03/2020,547.56,2092,0.2,-1,4.3,8.1,1.3
20/03/2020,681.33,2407,-1,-1,1,5.3,-0.8
21/03/2020,393.53,2019,1,-1,-1.5,2.6,-5.3
22/03/2020,374.31,2035,-1,-1,-0.6,2,-4.9
23/03/2020,623.75,2421,-1,-1,2.2,4.2,-0.2
24/03/2020,557.01,2262,-1,-1,3.8,5.7,2.2
25/03/2020,486.74,2054,-1,-1,5.2,6.5,3.5
26/03/2020,472.83,2036,-1,-1,4.9,7.4,3.6
27/03/2020,526.79,2029,-1,-1,4.4,6.3,2.5
28/03/2020,179.47,1526,-1,-1,5.5,9.5,3.2
29/03/2020,355.66,1700,-1,-1,0.4,5.3,-1.9
30/03/2020,686.46,2478,-1,-1,-0.9,2.9,-3.6
31/03/2020,699.81,2526,0.3,-1,-0.2,2.3,-5.4
01/04/2020,605.58,2098,0.3,-1,4.1,8,1
02/04/2020,516.89,1996,3.9,-1,4.5,6.2,1.8
03/04/2020,597.19,2123,1.7,-1,2.6,5.8,0.4
04/04/2020,300.41,1748,-1,-1,3,6.9,-0.1
05/04/2020,277.42,1762,0.4,-1,3.6,8,-0.8
06/04/2020,480.78,1926,-1,-1,5.6,8.3,2.2
07/04/2020,466.47,1704,0.6,-1,7.4,11.9,4.6
08/04/2020,498.05,1739,0.1,-1,6.4,9.9,2.5
09/04/2020,489.13,1699,0.6,-1,6.2,10.3,4.5
10/04/2020,487.39,1906,-1,-1,3.6,8.6,0.6
11/04/2020,258.15,1539,0.1,-1,4,8,-0.4
12/04/2020,178.05,1514,2.9,-1,4.5,6.2,1.7
13/04/2020,463.64,1814,0.4,-1,4.4,7.5,1.8
14/04/2020,656.84,2107,4.6,-1,2.2,6.6,0.4
15/04/2020,584.46,2065,14.7,2,3.7,7.6,0.3
16/04/2020,617.98,2131,3.2,3,3,7.2,0.3
17/04/2020,542.72,2004,-1,-1,4.6,7.9,1.6
18/04/2020,222.04,1536,-1,-1,6,9.9,2.2
19/04/2020,203.2,1456,-1,-1,6.6,10.1,2.1
20/04/2020,493.61,1492,-1,-1,9.4,12.7,5.9
21/04/2020,466.93,1309,-1,-1,10.4,15.7,4.9
22/04/2020,482.49,1455,-1,-1,7.3,11.9,5.4
23/04/2020,461.08,1320,-1,-1,8.2,13.4,2.9
24/04/2020,461,1445,-1,-1,6.9,11.4,4.4
25/04/2020,239.2,1318,-1,-1,4.5,9.5,-0.8
26/04/2020,212.47,1273,-1,-1,4.9,9.2,0
27/04/2020,500.35,1738,-1,-1,4.8,8.3,1.1
28/04/2020,507.39,1806,0.7,-1,4.4,6.4,3.1
29/04/2020,577.64,1949,4.8,-1,2.9,6.5,1.3
30/04/2020,543.04,1945,-1,-1,3.1,6.5,-0.7
01/05/2020,390.39,1746,-1,-1,6.5,9.6,2.9
02/05/2020,169.64,1261,7.8,-1,8.4,12.4,5.9
03/05/2020,168.46,1124,-1,-1,7.7,11.3,6.6
04/05/2020,465.87,1518,-1,-1,6.3,9,4.6
05/05/2020,483.92,1219,-1,-1,9.9,14.3,3.3
06/05/2020,478.27,1062,-1,-1,11.2,16.5,6.2
07/05/2020,460.46,1266,-1,-1,9.2,14.1,3.5
08/05/2020,452.87,1301,-1,-1,7.8,11.3,2.9
09/05/2020,166.04,954,-1,-1,10.1,14.8,5.6
10/05/2020,170,947,0.7,-1,9.3,12.5,4.9
11/05/2020,563.91,1545,10.7,-1,5.3,11.7,0.6
12/05/2020,541.13,1559,0.9,-1,5.5,9.5,1.3
13/05/2020,477.39,1635,1.9,-1,4.5,7.2,2
14/05/2020,549.18,1522,8.9,-1,6.4,11,1.2
15/05/2020,557.02,1578,5.4,-1,5.8,9.8,0.4
16/05/2020,166.44,1270,5.1,-1,5.6,8.6,3.7
17/05/2020,163.37,1244,0.2,-1,5.5,9.2,1.6
18/05/2020,608.14,1467,0.6,-1,7.2,13,2.5
19/05/2020,603.65,1432,4.7,-1,7.2,12.3,3.1
20/05/2020,620.57,1418,0.1,-1,8.2,12.8,2.9
21/05/2020,402.78,1150,-1,-1,10.9,15.8,5.4
22/05/2020,556.46,1044,-1,-1,11.1,13.7,7.3
23/05/2020,175.36,788,-1,-1,11.5,16.4,6
24/05/2020,175.96,780,-1,-1,10.8,12.9,9.2
25/05/2020,659.97,620,-1,-1,15.1,18.8,10.6
26/05/2020,663.24,529,-1,-1,16.9,20.9,9.3
27/05/2020,626.65,619,6.4,-1,14.7,19.2,9.9
28/05/2020,625.6,726,-1,-1,13.7,17.1,10.5
29/05/2020,599.75,702,-1,-1,13.5,17.8,8.1
30/05/2020,364.59,514,-1,-1,16.1,20.1,10.4
31/05/2020,207.69,469,-1,-1,14.9,20.8,11.1
01/06/2020,600.94,774,-1,-1,12.2,16.8,11
02/06/2020,484.82,658,-1,-1,12.6,15.5,7.6
03/06/2020,477.96,587,-1,-1,14.2,17.5,8.8
04/06/2020,553.84,689,4,-1,14.5,19.7,12.3
05/06/2020,472.06,645,5.8,-1,13.4,18.8,11.1
06/06/2020,188.54,543,2.7,-1,13.6,17,11.7
07/06/2020,173.82,517,-1,-1,14.3,18.6,11.4
08/06/2020,565.61,597,1.5,-1,15.4,19.1,13.1
09/06/2020,485.8,497,-1,-1,15.5,19.4,12.8
10/06/2020,462.55,308,-1,-1,18.6,24.3,12.8
11/06/2020,485.61,323,-1,-1,17.4,23.9,14.8
12/06/2020,527.02,334,-1,-1,18.6,22.7,14.1
13/06/2020,295.18,324,-1,-1,17.5,22.4,11.9
14/06/2020,322.79,322,-1,-1,18.3,22.2,11.5
15/06/2020,620.29,224,-1,-1,19.7,23.5,15.2
16/06/2020,634.71,124,0.2,-1,20.7,24.5,17.1
17/06/2020,646.09,139,25.6,-1,20.5,23.4,16.8
18/06/2020,645.98,141,-1,-1,20,23.2,18
19/06/2020,604.26,119,-1,-1,21.5,24.5,17.1
20/06/2020,335.34,119,-1,-1,19.1,22.6,17.5
21/06/2020,336.15,233,-1,-1,17.4,19.4,14.3
22/06/2020,657.55,304,-1,-1,17.3,21.1,12.2
23/06/2020,626.09,230,-1,-1,19.6,23.3,12.2
24/06/2020,566.45,127,-1,-1,21.7,25.8,15.8
25/06/2020,533.77,112,-1,-1,23.4,27.7,16.8
26/06/2020,535.38,113,-1,-1,22.1,27.2,16.8
27/06/2020,373.3,106,-1,-1,22.8,28,16.3
28/06/2020,373.98,104,-1,-1,21.1,25.3,18.3
29/06/2020,546.79,122,8.3,-1,18.6,21.2,17.3
30/06/2020,682.46,258,26.4,-1,16,18.1,13.3
01/07/2020,693.56,274,2.7,-1,16.7,18.5,15.1
02/07/2020,697.53,461,1.8,-1,16,18.7,13.5
03/07/2020,707.63,406,-1,-1,17,18.7,15.1
04/07/2020,467.83,448,8.5,-1,15.7,17.1,14.3
05/07/2020,436.34,502,8.6,-1,15.5,17.5,13.2
06/07/2020,595.42,441,0.5,-1,16.1,17.7,15
07/07/2020,659.03,674,2.3,-1,14.5,16.8,13.3
08/07/2020,606.77,575,0.8,-1,14.3,18.3,12.3
09/07/2020,538.47,661,0.4,-1,14.1,16.8,11.1
10/07/2020,561.39,685,8.6,-1,15.5,18.1,12.6
11/07/2020,270.79,656,6,-1,14.2,16.2,13.2
12/07/2020,193.05,462,-1,-1,15.4,19.2,11.4
13/07/2020,568.72,649,6.5,-1,14.7,17.6,12.7
14/07/2020,468.35,498,-1,-1,15,19.2,9.5
15/07/2020,494.76,374,-1,-1,17.5,21.7,10.8
16/07/2020,497.9,296,-1,-1,19.5,24.9,12.7
17/07/2020,525.13,176,-1,-1,20.7,25,14.3
18/07/2020,317.86,122,-1,-1,20.2,23.5,16
19/07/2020,330.15,124,-1,-1,20.3,23.5,15.6
20/07/2020,585.15,110,-1,-1,20.6,24.1,18
21/07/2020,684.09,115,-1,-1,19.1,22.3,16.7
22/07/2020,648.61,423,0.3,-1,15.8,19.9,13.5
23/07/2020,580.68,524,5.2,-1,14.2,17.4,12.5
24/07/2020,612.66,663,6.1,-1,14.6,17.4,10.8
25/07/2020,264.45,516,1.4,-1,15.4,18.6,13.3
26/07/2020,295.77,463,-1,-1,17.3,21.8,12.2
27/07/2020,630.11,289,8.1,-1,19,21.7,15.4
28/07/2020,599.86,215,6.2,-1,17.4,19.2,16.6
29/07/2020,566.84,337,9.2,-1,16.9,20.3,15.8
30/07/2020,549.91,463,-1,-1,16.1,18.5,14
31/07/2020,537.27,386,-1,-1,18.1,22.8,13.2
01/08/2020,263.98,467,-1,-1,16.7,21.5,11.9
02/08/2020,300.75,377,1.3,-1,17.1,20,14
03/08/2020,639.62,426,9.6,-1,16.9,19.6,15.7
04/08/2020,568.6,433,0.2,-1,16.1,18.2,13.6
05/08/2020,483.07,368,-1,-1,17.2,20.3,13.7
06/08/2020,559.77,357,-1,-1,17.4,19.4,15
07/08/2020,485.89,228,-1,-1,18.3,21.7,14.4
08/08/2020,243.17,152,-1,-1,21.2,25.6,15.8
09/08/2020,345.61,132,-1,-1,21,25,15.1
10/08/2020,701.57,235,-1,-1,19.1,23.3,14.9
11/08/2020,688.73,527,-1,-1,16.2,20.4,12.1
12/08/2020,650.1,604,3.8,-1,15.2,18,10.2
13/08/2020,766.67,633,-1,-1,15.1,17.2,13.8
14/08/2020,810.59,514,-1,-1,17,19.5,12.6
15/08/2020,296.68,240,-1,-1,19.1,23.3,15.1
16/08/2020,304.63,133,-1,-1,21.4,26.8,17.2
17/08/2020,835.16,581,-1,-1,17.4,23.8,11.1
18/08/2020,854.64,448,-1,-1,17.5,21.5,10.1
19/08/2020,862.53,249,-1,-1,18.9,22.2,15
20/08/2020,881.55,287,-1,-1,19.2,23.2,14.7
21/08/2020,864.97,219,1.1,-1,20.1,23.7,15.8
22/08/2020,366.5,129,12.3,-1,18.4,21.2,17.2
23/08/2020,352.81,104,19.4,-1,19.9,21.9,17.8
24/08/2020,925.02,374,4.5,-1,16.3,20.9,14
25/08/2020,893.41,562,2.8,-1,15.3,19,11.2
26/08/2020,864.15,693,0.1,-1,14.7,19.2,9.2
27/08/2020,814.8,707,-1,-1,14.2,18.7,11
28/08/2020,762.43,668,-1,-1,13.8,18.7,9.5
29/08/2020,185.65,424,13.8,-1,14.3,18.5,8.6
30/08/2020,235.06,616,6.8,-1,13.1,16.5,11.2
31/08/2020,833.9,861,1,-1,13.4,15.9,12.8
01/09/2020,744.82,732,-1,-1,13.6,19.1,8.8
02/09/2020,730.13,672,-1,-1,14.5,17.3,9.3
03/09/2020,778.63,469,0.6,-1,16.6,19,15.8
04/09/2020,750.47,440,2.7,-1,16.5,19.2,15.2
05/09/2020,206.13,361,7.2,-1,16.2,18.8,13.4
06/09/2020,202.29,407,5,-1,15,17.4,13
07/09/2020,759.41,650,7.5,-1,14.7,17.5,10.4
08/09/2020,744.97,697,8.1,-1,12.7,15.8,9.1
09/09/2020,749.57,771,12.6,-1,13.6,16.4,10.1
10/09/2020,741.7,779,-1,-1,13.2,16.3,11.5
11/09/2020,705.16,896,0.3,-1,12.7,16.1,9.8
12/09/2020,189.87,616,9.8,-1,14.1,15,12.7
13/09/2020,185.12,633,-1,-1,13.7,16.6,12.1
14/09/2020,738,763,-1,-1,13.9,18.3,9.5
15/09/2020,734.04,791,-1,-1,13.4,17.3,9.6
16/09/2020,756.14,695,0.9,-1,14.1,17.3,12.5
17/09/2020,745.26,1248,-1,-1,9.4,14.1,7.8
18/09/2020,746.45,1229,-1,-1,10.6,14.3,6.1
19/09/2020,185.55,851,-1,-1,11.3,15.6,7.8
20/09/2020,185.08,841,-1,-1,11.2,15.4,6.4
21/09/2020,762.21,930,-1,-1,13,14.1,10.6
22/09/2020,748.25,907,-1,-1,12.5,14.9,11.6
23/09/2020,753.93,804,-1,-1,14,16.8,9.5
24/09/2020,749.97,620,-1,-1,16.1,20.1,12
25/09/2020,780.76,604,0.1,-1,15.3,17.1,14.4
26/09/2020,196.67,508,-1,-1,15.1,16.5,13.2
27/09/2020,194.9,461,-1,-1,15.6,19.4,13.3
28/09/2020,743.91,728,-1,-1,14.1,16,12.8
29/09/2020,744.01,781,0.4,-1,13.2,14.2,12.6
30/09/2020,768.76,773,-1,-1,13.3,15.4,12.3
01/10/2020,757.94,946,-1,-1,12.1,15.2,10
02/10/2020,782.25,902,-1,-1,13,15.3,10.7
03/10/2020,236.71,689,0.3,-1,13.3,15,10.5
04/10/2020,238.29,720,1.7,-1,13.1,14.6,12.2
05/10/2020,779.09,759,3.9,-1,14.5,17.3,12.5
06/10/2020,792.44,734,0.8,-1,14.2,15.6,13.5
07/10/2020,759.27,852,2.7,-1,13.3,14.5,11.9
08/10/2020,752.41,829,1,-1,13.3,14.9,12.4
09/10/2020,708.11,936,1.6,-1,12.2,13.6,11.8
10/10/2020,189.66,779,6,-1,12.3,14.1,10.8
11/10/2020,189.85,805,1.4,-1,11.1,13.9,9.7
12/10/2020,568.35,1104,5.9,-1,10.1,13,6.7
13/10/2020,512.49,1263,-1,-1,8.7,12.3,7
14/10/2020,488.05,1642,-1,-1,7,10.7,4.2
15/10/2020,483.09,1858,-1,-1,5.5,7.9,3.8
16/10/2020,469.1,2030,-1,-1,4,7.8,1.6
17/10/2020,186.84,1406,3.5,-1,6.4,9.7,0.1
18/10/2020,184.65,1352,-1,-1,5.2,9.5,2.5
19/10/2020,704.77,2247,-1,-1,2.4,3.9,1.5
20/10/2020,712.39,2407,3.6,-1,1.3,4.1,-0.1
21/10/2020,712.79,1925,4.4,-1,6.5,7.7,0
22/10/2020,705.88,1431,13.8,-1,10.2,11.8,7.7
23/10/2020,677.94,1418,-1,-1,8.5,11.8,4.6
24/10/2020,190.62,1447,0.8,-1,4,6.2,0.7
25/10/2020,197.27,1455,-1,-1,6.4,9.3,3.6
26/10/2020,715.49,1351,0.3,-1,10.3,11.1,9.3
27/10/2020,761.9,1203,9.6,-1,11.1,11.9,9.8
28/10/2020,774.84,1253,1.8,-1,10.1,11.7,8.4
29/10/2020,773.01,1220,-1,-1,10.5,11.5,9.5
30/10/2020,780.2,1316,0.2,-1,9,10.5,8
31/10/2020,219.36,1183,0.9,-1,7.9,8.7,6.3
01/11/2020,217.98,1155,-1,-1,8.9,9.4,8
02/11/2020,774.53,1515,4.1,-1,8.4,9.4,7
03/11/2020,780.18,1179,-1,-1,11.1,12.9,9.4
04/11/2020,775.69,1456,2.4,-1,8.3,10.9,6
05/11/2020,759.52,1542,-1,-1,8.2,9.7,4.1
06/11/2020,764.4,1550,-1,-1,9,11.2,5.3
07/11/2020,213.47,1236,-1,-1,8.9,11.4,6.2
08/11/2020,210.89,1454,-1,-1,4.9,9.2,2.1
09/11/2020,756.99,1933,-1,-1,4.9,8,1.7
10/11/2020,766.84,2327,-1,-1,1.6,4.7,0.6
11/11/2020,775.26,1946,4.1,-1,5.8,7.7,-0.5
12/11/2020,768.58,1794,-1,-1,7.4,8.7,6.4
13/11/2020,749.29,1939,-1,-1,6,6.9,5.4
14/11/2020,202.24,1556,-1,-1,4.8,5.6,4.6
15/11/2020,199.47,1581,-1,-1,4.3,4.7,3.8
16/11/2020,781.95,2053,5.4,-1,4.8,5.7,3.5
17/11/2020,774.41,1919,9.8,-1,6.3,7.4,5.4
18/11/2020,773.67,1445,2.7,-1,9.9,10.7,7.3
19/11/2020,772.54,1411,6.4,-1,8.8,10.9,7.4
20/11/2020,768.56,2350,-1,-1,0.9,7.7,-0.9
21/11/2020,200.76,1690,11.8,-1,3.1,5.9,-1.9
22/11/2020,202.29,1452,-1,-1,7.1,7.9,5.9
23/11/2020,790.85,1932,0.2,-1,5.4,7.5,4.6
24/11/2020,767.4,2194,-1,-1,3,4.9,0.9
25/11/2020,764.31,2147,4.9,-1,4.5,8.7,0.3
26/11/2020,784.13,1863,1.2,-1,6.2,8.9,3.2
27/11/2020,769.62,2514,-1,-1,1.1,3.2,0.3
28/11/2020,210.39,1875,0.9,-1,1.6,2.2,0.7
29/11/2020,210.23,1920,3,-1,0.8,2,-0.1
30/11/2020,783.64,2581,2.4,-1,1.1,2.6,-0.4
01/12/2020,785.09,2197,2.5,-1,4.7,6.3,1.2
02/12/2020,770.29,2374,-1,-1,3.6,5.6,2
03/12/2020,762.65,2637,-1,-1,0.4,2.1,-0.8
04/12/2020,751.58,2543,3.7,-1,1.8,2.5,0.3
05/12/2020,201.71,1732,-1,-1,4.2,5,2.5
06/12/2020,200.57,1740,-1,-1,4.1,4.8,3.7
07/12/2020,756.21,2487,-1,-1,2.4,4.2,1.1
08/12/2020,756.94,2760,-1,-1,0.2,1.2,-0.1
09/12/2020,745.95,2986,-1,-1,-1.4,0.4,-2.6
10/12/2020,734.38,2969,-1,-1,-1,0,-1.9
11/12/2020,747.7,2970,0.2,-1,-0.7,0.5,-3.1
12/12/2020,208.68,1985,-1,-1,1.6,3.4,-0.4
13/12/2020,207.13,2097,-1,-1,-0.9,0.1,-3.1
14/12/2020,769.8,2871,-1,-1,-0.5,-0.1,-0.8
15/12/2020,754.16,2588,9.7,-1,2.3,3.4,-0.3
16/12/2020,770.58,2385,2.4,-1,3.3,5,1.7
17/12/2020,733.55,2553,2.4,-1,1.8,4.9,-0.1
18/12/2020,764.91,2362,8,-1,3.7,4.6,-0.1
19/12/2020,216.28,1716,1.5,-1,4.4,6.3,1.8
20/12/2020,218.46,1632,2.2,-1,5.1,6.8,4.1
21/12/2020,720.61,2303,2.5,-1,3.8,4.3,3
22/12/2020,681.58,2184,2.9,-1,4.3,5.3,3.2
23/12/2020,501.02,2381,1.6,-1,2.8,4.8,0.8
24/12/2020,492.34,2377,-1,-1,2.6,4.3,1.6
25/12/2020,489.41,2642,0.1,-1,0.7,1.8,0.3
26/12/2020,193.22,2048,-1,-1,-1.3,0.7,-1.7
27/12/2020,195,1962,0.4,-1,1.1,1.9,-2.6
28/12/2020,491.33,2799,4.2,-1,0.7,1.8,-0.3
29/12/2020,478.36,2749,6.9,-1,1.1,1.9,0.6
30/12/2020,480.53,2526,2.9,-1,3,4.8,0.7
31/12/2020,470.3,2572,2.6,-1,2,3.9,1.5
01/01/2021,467.99,2530,-1,-1,2.3,3.7,-0.4
02/01/2021,181.33,2076,5.8,-1,-0.2,1.8,-1.3
03/01/2021,182.3,2209,1.2,8,-2.6,-1.3,-3.8
04/01/2021,520.3,3087,-1,8,-1.2,-0.8,-3.1
05/01/2021,496.59,3303,-1,5,-2.6,-0.9,-3.3
06/01/2021,464.91,3325,-1,5,-2.8,-2.4,-3.6
07/01/2021,755.55,3031,0.7,4,-0.6,0.5,-2.5
08/01/2021,757.91,3250,-1,5,-2.5,-1.6,-2.9
09/01/2021,201.75,2538,0.1,5,-6.6,-2.9,-8.6
10/01/2021,200.24,2473,5.4,4,-4,-0.4,-11.8
11/01/2021,781.66,3011,4.1,12,0.2,0.8,-0.5
12/01/2021,771.23,3043,19.8,16,-0.7,0.3,-1.3
13/01/2021,777.27,3442,3.4,32,-4.4,-0.6,-8
14/01/2021,721.83,4481,0.1,31,-14,-7.6,-18.9
15/01/2021,734.54,5275,0.5,30,-18.3,-15,-21.2
16/01/2021,219.97,3617,-1,29,-15.6,-11.9,-17.8
17/01/2021,225.13,4346,-1,29,-11.8,-7.5,-18.4
18/01/2021,733.89,4932,3.9,27,-6.1,-0.5,-12.8
19/01/2021,769.34,3360,1.8,28,0.1,0.8,-0.7
20/01/2021,778.6,3598,3.7,29,-3.6,0.8,-5.3
21/01/2021,755.82,3616,6.8,31,-4.1,-3.3,-5.3
22/01/2021,744.22,2917,2.4,33,1.8,2.5,-3.5
23/01/2021,210.8,2060,1.5,28,2.8,3.6,1.8
24/01/2021,209.49,2012,8.4,22,2,3.1,0.4
25/01/2021,799.41,2728,0.4,22,1.2,2.7,0.1
26/01/2021,765.53,2706,6.6,18,1,1.9,0.6
27/01/2021,771.17,2703,0.9,18,0.5,1.1,-0.1
28/01/2021,762.28,3098,0.7,18,-3.2,-0.1,-4.4
29/01/2021,741.39,3176,3.4,18,-3.6,-1.5,-5
30/01/2021,207.64,2367,5.2,22,-5.9,-3.7,-6.7
31/01/2021,206.9,2467,0.7,28,-6.7,-4.3,-9
01/02/2021,751.65,3699,-1,26,-7.1,-5.3,-11.3
02/02/2021,746.73,3475,7.1,27,-4.3,-1.6,-9.7
03/02/2021,774.95,3819,-1,37,-7.1,-1.6,-9.3
04/02/2021,769.38,4488,-1,35,-13.1,-9.4,-15.4
05/02/2021,724.84,4839,-1,32,-14.7,-12,-15.9
06/02/2021,213.79,3332,-1,31,-13.2,-8.2,-18
07/02/2021,211.01,3140,-1,30,-8.4,-4.7,-14.6
08/02/2021,756.87,4160,-1,29,-7.5,-5.2,-9.5
09/02/2021,743.73,4453,-1,29,-11.2,-9.4,-12.3
10/02/2021,739.49,4589,-1,29,-12.6,-8.8,-15.3
11/02/2021,743.19,5093,-1,29,-15.7,-11.7,-17.6
12/02/2021,724.92,4904,-1,29,-13.1,-8.2,-18.3
13/02/2021,214.49,2964,-1,29,-4.6,-2.3,-9.7
14/02/2021,213.09,2903,-1,29,-5.8,-3.2,-7.5
15/02/2021,748.28,4085,-1,29,-7.5,-3.6,-13.5
16/02/2021,757.44,3699,-1,29,-5.4,-2.3,-9.1
17/02/2021,740.35,4638,-1,29,-14.1,-9.1,-15.8
18/02/2021,733.76,4671,-1,29,-12.8,-7.7,-19.5
19/02/2021,712.41,3994,0.6,29,-5.6,-4.5,-7.8
20/02/2021,207.23,2664,4.4,29,-2.5,0.4,-4.8
21/02/2021,206.21,2372,2.9,30,0,3.1,-4.6
22/02/2021,519.56,3974,0.3,28,-7,-2.6,-9
23/02/2021,519.76,3742,4.3,28,-4.4,-1.3,-9.2
24/02/2021,516.37,3215,0.6,28,-0.5,2.6,-3.6
25/02/2021,520.9,2693,0.4,27,3.1,4.2,2.2
26/02/2021,527.39,2544,-1,18,3.6,4.4,2.6
27/02/2021,195.81,2006,0.5,16,2.4,5.2,0.4
28/02/2021,197.06,1800,-1,16,4.4,8.1,0.9
01/03/2021,776.04,2389,-1,15,3.8,6.5,1.4
02/03/2021,768.9,2277,-1,14,3.8,6.5,1.9
03/03/2021,743.52,2304,0.6,13,2.6,7.3,-0.6
04/03/2021,740.03,2733,-1,11,-1.3,3.5,-2.6
05/03/2021,767.96,3076,-1,11,-3.9,0,-7.2
06/03/2021,212.26,2072,1.5,11,-1,2.3,-7.1
07/03/2021,212.01,2213,-1,13,-4.1,1.7,-5.9
08/03/2021,770.72,3489,2.2,13,-5.8,-3,-8.2
09/03/2021,678.9,3196,10.2,16,-6.7,-3.1,-9.5
10/03/2021,717.6,4204,-1,27,-10.1,-6.8,-15.1
11/03/2021,732.76,3510,1.8,25,-3.4,-0.3,-7.8
12/03/2021,755.63,3197,2,24,-1.2,-0.3,-2.7
13/03/2021,212.3,2091,1.1,24,1.5,2.9,-0.8
14/03/2021,207.32,2079,7.1,18,0.7,1.7,0.3
15/03/2021,775.54,2734,0.8,19,1.3,2.2,0.2
16/03/2021,766.74,2781,0.3,18,0.3,1.7,-1.2
17/03/2021,771.81,2771,1.6,18,-0.1,3,-3.1
18/03/2021,741.46,3012,-1,17,-2.6,0.9,-4.8
19/03/2021,737.82,3343,-1,18,-5.2,-1.6,-7.6
20/03/2021,194.4,2218,1.6,18,-1.4,0.5,-8.3
21/03/2021,192.01,1953,-1,18,1.7,3.6,0.3
22/03/2021,733.21,2839,-1,18,-0.8,3.1,-3.8
23/03/2021,749.63,2532,-1,18,1.6,6.4,-5.8
24/03/2021,776.27,2519,-1,17,2.4,5,1.5
25/03/2021,742.89,2213,0.8,13,3.2,6.9,1.8
26/03/2021,742.58,2256,-1,9,2.8,6.1,0.9
27/03/2021,204.55,1589,-1,7,4.1,8.7,-0.8
28/03/2021,202.25,1499,0.5,5,4.4,7.1,3
29/03/2021,754.23,2231,5.9,-1,3.4,4.5,2.5
30/03/2021,757.13,1986,0.3,-1,4.6,6.2,3.8
31/03/2021,752.87,1878,-1,-1,5.7,9.8,1.9
01/04/2021,739.8,1982,-1,-1,5,9.8,0.1
02/04/2021,502.08,2044,-1,-1,3.2,6.5,1.5
03/04/2021,195.92,1558,-1,-1,3.9,8,1.2
04/04/2021,198.67,1459,2.5,-1,3.9,6.9,0.3
05/04/2021,524.85,2066,2.1,-1,2.8,4.2,1.6
06/04/2021,725.85,2135,0.2,-1,2.5,4.7,0.4
07/04/2021,727.48,2105,0.3,-1,3.2,5.9,1.7
08/04/2021,703.56,2036,-1,-1,4.1,8.1,0.5
09/04/2021,729.3,2281,2,-1,2.9,4.1,0.9
10/04/2021,212.76,1589,2.1,-1,3.2,4.7,0.8
11/04/2021,206.09,1540,0.2,-1,5,9.2,2.8
12/04/2021,752.11,1588,-1,-1,8.8,13.2,4.2
13/04/2021,792.93,1753,-1,-1,5.5,10.4,4.5
14/04/2021,723.28,1918,-1,-1,4.1,7.9,0.9
15/04/2021,720.58,1815,-1,-1,5,10.4,1
16/04/2021,741.59,1601,-1,-1,8,13.9,2.5
17/04/2021,195.52,1079,-1,-1,10.1,14.9,4.5
18/04/2021,195.7,1004,-1,-1,10.3,15,5.6
19/04/2021,762.82,1258,-1,-1,9.1,12.7,6
20/04/2021,743.23,1399,-1,-1,7.6,11.2,3.1
21/04/2021,731.1,1348,-1,-1,6.9,11,3.6
22/04/2021,744.6,1399,6.5,-1,6.1,10.4,3
23/04/2021,756.69,1775,3.7,-1,3.3,6.1,0.4
24/04/2021,212.45,1360,3.5,-1,2.3,5.1,1.4
25/04/2021,212.95,1402,3.3,-1,3.6,7.2,1.9
26/04/2021,759.78,2018,1.1,-1,3.5,5.3,1
27/04/2021,744.93,2001,-1,-1,4,6.2,2.3
28/04/2021,749.97,1968,0.2,-1,3.6,7.5,-0.4
29/04/2021,722.33,1819,-1,-1,3.6,7.7,-1
30/04/2021,674.35,1691,-1,-1,5.2,10.3,-0.9
01/05/2021,191.02,1303,-1,-1,5.7,9.3,1.1
02/05/2021,190.85,1301,-1,-1,4.8,8.5,0.5
03/05/2021,758.75,1618,-1,-1,6.6,9.8,2.8
04/05/2021,740.59,1527,-1,-1,7.1,11.8,4.1
05/05/2021,752.19,1948,7.2,-1,3.9,6.2,2.5
06/05/2021,738.98,1655,0.6,-1,5.6,7.9,4.2
07/05/2021,767.47,1750,-1,-1,4.7,7.3,3.3
08/05/2021,203.49,1279,-1,-1,6.6,10.9,3.6
09/05/2021,205.25,1192,2.7,-1,6.8,11.4,1.4
10/05/2021,755.26,1196,0.1,-1,11,16.5,6.5
11/05/2021,699.97,708,-1,-1,15.7,21.8,10.9
12/05/2021,811.33,690,-1,-1,16.3,21.3,11.5
13/05/2021,611.37,575,-1,-1,16.6,24.6,11.8
14/05/2021,839.81,853,-1,-1,13.4,17.1,9.6
15/05/2021,206.65,476,0.1,-1,13.9,18.5,10.6
16/05/2021,281.34,640,-1,-1,12.5,16.4,10.1
17/05/2021,777.11,679,4.1,-1,13,17.6,7.7
18/05/2021,800.77,733,5.1,-1,12.6,15.8,9.8
19/05/2021,813.66,751,1.5,-1,12,14.5,10
20/05/2021,770.67,771,16.8,-1,12.5,16.7,9.6
21/05/2021,787.94,907,0.4,-1,10.6,13.6,9.4
22/05/2021,212.54,670,-1,-1,10.2,15.3,7.9
23/05/2021,212.23,638,1.3,-1,11.3,16.2,6.1
24/05/2021,759.22,771,-1,-1,11.5,14.4,8.5
25/05/2021,751.01,858,0.1,-1,11,14.1,7.7
26/05/2021,790.55,1113,39.7,-1,9.4,11.6,7.9
27/05/2021,759.23,1016,-1,-1,9.8,12.3,8
28/05/2021,764.93,889,-1,-1,11,14.3,7
29/05/2021,216.8,730,-1,-1,11,15.4,7.1
30/05/2021,217.04,687,-1,-1,11.4,14.2,6.5
31/05/2021,766.38,835,1.2,-1,11.4,14.6,8.9
01/06/2021,722.66,718,-1,-1,13.4,17.9,9.7
02/06/2021,720.89,473,-1,-1,16.2,21.6,8.1
03/06/2021,793.25,378,-1,-1,16.9,19.8,13.4
04/06/2021,788.82,446,-1,-1,17,21.6,11.9
05/06/2021,412.11,337,-1,-1,19.1,23.4,11.7
06/06/2021,364.83,220,17.6,-1,18.7,26.7,13.4
07/06/2021,672.98,200,-1,-1,19.8,25.5,14.5
08/06/2021,661.52,182,-1,-1,18,21.6,14.2
09/06/2021,673.53,240,-1,-1,17.9,22.3,13.6
10/06/2021,664.63,225,-1,-1,18.7,23,11.8
11/06/2021,663.45,154,-1,-1,19.6,23.8,13.4
12/06/2021,356.38,120,7.2,-1,18.1,21.5,15.8
13/06/2021,507.06,405,0.1,-1,15.8,20.8,14.1
14/06/2021,599.45,424,0.3,-1,15.9,19.8,9.5
15/06/2021,622.82,390,-1,-1,16.2,20.2,14
16/06/2021,671.9,473,-1,-1,16.7,20.7,11.2
17/06/2021,660.29,516,-1,-1,16,20.5,11.5
18/06/2021,604.05,295,-1,-1,20,25.1,14.1
19/06/2021,309.88,116,-1,-1,21.9,27.8,17.7
20/06/2021,466.21,102,-1,-1,23.3,28.2,18.1
21/06/2021,650.48,102,-1,-1,25.6,29.8,19.7
22/06/2021,679.48,106,-1,-1,25.1,28.8,22.1
23/06/2021,660.58,94,10.8,-1,22.2,28,18.5
24/06/2021,646.09,95,-1,-1,20.1,22.9,17.7
25/06/2021,632.7,90,-1,-1,20.5,23.9,16.7
26/06/2021,357.63,90,-1,-1,20.8,23.9,18
27/06/2021,476.28,92,-1,-1,21,26.2,17.9
28/06/2021,666.33,105,-1,-1,21.5,26.1,16.1
29/06/2021,643.58,98,-1,-1,22.4,26.9,17.1
30/06/2021,645.5,92,3.5,-1,20.2,25.7,16.2
01/07/2021,636.8,90,-1,-1,21.8,27.2,17.8
02/07/2021,632.4,104,-1,-1,20.3,24.1,16.8
03/07/2021,355.34,93,-1,-1,21.5,25.9,14.9
04/07/2021,472.7,89,-1,-1,22.7,26.4,17.3
05/07/2021,651.03,87,-1,-1,23.6,27.1,19.6
06/07/2021,631.7,85,1.5,-1,23.3,26.8,21.3
07/07/2021,632.67,86,2.8,-1,23.3,26.4,20.6
08/07/2021,629.69,88,1.4,-1,22.8,25.4,20.7
09/07/2021,624.39,88,-1,-1,21.7,25.5,17.6
10/07/2021,354.34,85,-1,-1,25.6,28.7,21.1
11/07/2021,470.63,84,-1,-1,23.2,27.1,22.4
12/07/2021,642.27,86,-1,-1,22.4,26,17.7
13/07/2021,628.15,83,-1,-1,24.1,28.8,17.7
14/07/2021,623.74,83,-1,-1,25.6,30.1,20
15/07/2021,618.28,81,-1,-1,26.4,30.2,20.3
16/07/2021,618.22,82,-1,-1,25.1,29.8,21.7
17/07/2021,344.51,82,-1,-1,22,26.6,16.2
18/07/2021,463.53,79,0.3,-1,22,26.3,18
19/07/2021,632.13,160,-1,-1,18.1,22,14.5
20/07/2021,619.07,219,1.4,-1,17.2,21.6,13.5
21/07/2021,620.51,352,-1,-1,16.9,21.4,12
22/07/2021,613.9,383,-1,-1,18.9,25.1,12.6
23/07/2021,613.67,307,-1,-1,18.4,22.5,13.3
24/07/2021,347.55,326,-1,-1,17.1,20.4,12.4
25/07/2021,340.83,233,-1,-1,19.3,22.7,13.5
26/07/2021,620.16,111,-1,-1,22.6,27.7,16
27/07/2021,610.46,95,11.3,-1,23.3,28.7,17.6
28/07/2021,621.38,96,8.6,-1,20,23.7,18.3
29/07/2021,622.04,95,-1,-1,20.3,23.1,18.8
30/07/2021,640.13,149,9,-1,16.8,20.5,14.4
31/07/2021,353.36,360,3.1,-1,17.4,21,14.2
01/08/2021,348.95,202,-1,-1,17.7,20.6,15.6
02/08/2021,637.74,241,0.2,-1,17.9,20.5,15.3
03/08/2021,638.32,338,-1,-1,15.4,18.9,14.3
04/08/2021,558.75,493,0.3,-1,15,18.5,10.1
05/08/2021,543.6,475,-1,-1,15.3,19.8,8.9
06/08/2021,570.99,432,-1,-1,18,22.4,11.6
07/08/2021,285.12,376,15.8,-1,15.9,18.6,14.7
08/08/2021,297.51,246,4.1,-1,18,20.5,15.9
09/08/2021,717.89,302,1.6,-1,17.3,20.1,15.3
10/08/2021,679.9,263,-1,-1,17.8,20.6,15.8
11/08/2021,798.49,344,-1,-1,17.5,21.8,13.3
12/08/2021,812.75,281,-1,-1,18.2,22.5,16
13/08/2021,783.83,351,6.7,-1,18.6,23.3,13.8
14/08/2021,366.37,216,8,-1,18.1,20.2,16.5
15/08/2021,355.22,398,0.6,-1,15.9,18.8,13.2
16/08/2021,811.66,463,15.9,-1,16.9,20,14.1
17/08/2021,836.97,403,8.4,-1,17.2,19.6,15.4
18/08/2021,843.43,609,9.7,-1,15.3,17.7,14.4
19/08/2021,869.55,595,6.5,-1,14.9,17.5,13.4
20/08/2021,778.58,578,0.2,-1,15.8,18,14.3
21/08/2021,317.67,580,25.9,-1,14.9,18.3,11
22/08/2021,313.68,629,-1,-1,14.5,17.3,11.8
23/08/2021,751.51,784,-1,-1,12.4,15.2,11.1
24/08/2021,743.42,871,6.5,-1,12.1,15.2,9
25/08/2021,771.79,813,28.4,-1,12.5,13.1,11.2
26/08/2021,762.55,737,7,-1,13.5,15.3,12.3
27/08/2021,763.45,817,-1,-1,13.3,14.7,12.3
28/08/2021,309.42,548,-1,-1,16.5,20.6,13.4
29/08/2021,305.27,546,-1,-1,16.2,20.9,12.8
30/08/2021,790.19,697,-1,-1,15.4,20.4,11.8
31/08/2021,792.49,690,-1,-1,15,20.5,10.2
01/09/2021,756.26,703,-1,-1,12.6,17,10.6
02/09/2021,770.12,848,1,-1,11.5,15.3,7.2
03/09/2021,750.27,934,0.7,-1,10.6,14,7.7
04/09/2021,219.34,817,-1,-1,9.6,14.3,6.1
05/09/2021,219.46,864,0.2,-1,9.6,14,4
06/09/2021,755.37,792,-1,-1,12.6,16.7,10.6
07/09/2021,767.93,860,-1,-1,11.9,15.4,6.3
08/09/2021,761.9,629,0.2,-1,14.6,16.8,13.1
09/09/2021,774.56,551,-1,-1,15.1,18.4,12.1
10/09/2021,728.88,737,-1,-1,12.8,15.4,10.8
11/09/2021,224.53,472,2.2,-1,14.3,17.1,12.6
12/09/2021,238.72,518,12.6,-1,14.2,15.2,12.3
13/09/2021,784.21,684,0.2,-1,13.2,15.4,10.2
14/09/2021,748.78,1028,-1,-1,10,13.2,8.2
15/09/2021,752.24,1234,-1,-1,8.2,11.4,5.5
16/09/2021,749.01,1291,-1,-1,8.3,10.4,7.2
17/09/2021,731.24,1347,0.7,-1,8.8,11.2,6.7
18/09/2021,239.69,1042,0.2,-1,8.8,11.1,6.7
19/09/2021,235.12,1057,-1,-1,8.3,10.4,7.8
20/09/2021,758.32,1421,-1,-1,7.8,10.7,6.7
21/09/2021,742.96,1536,-1,-1,6.6,9,4.9
22/09/2021,745.37,1520,-1,-1,6.6,12.1,2
23/09/2021,811.9,1311,14.1,-1,8.9,10.5,4.5
24/09/2021,760.73,1356,4.3,-1,8.7,9.5,7.8
25/09/2021,247.22,958,-1,-1,10.3,12.7,8.1
26/09/2021,223.4,947,-1,-1,10.4,15.5,7.5
27/09/2021,750.62,1244,-1,-1,8.6,13.6,4.7
28/09/2021,761.01,1248,-1,-1,9,12.4,4.7
29/09/2021,761.94,1192,-1,-1,10.5,11,8.3
30/09/2021,764.14,1237,1,-1,10.1,10.8,9.3
01/10/2021,742.43,1242,0.2,-1,10,11,8.4
02/10/2021,219.4,905,-1,-1,11.1,12.5,9.8
03/10/2021,217.26,889,-1,-1,11.3,13.3,9.2
04/10/2021,782.42,1037,-1,-1,11.8,14.3,9.3
05/10/2021,763.25,1085,5.1,-1,10.9,13,9.8
06/10/2021,773.6,998,-1,-1,12.2,14.3,10.5
07/10/2021,788.44,1053,0.4,-1,11.2,13.4,10.1
08/10/2021,743.6,1006,0.2,-1,11.7,12.5,11.1
09/10/2021,232.99,808,0.1,-1,11.7,13,11.3
10/10/2021,231.84,817,-1,-1,11.5,12.2,10.6
11/10/2021,758.98,1066,8.9,-1,10.6,11.9,9.1
12/10/2021,790.97,1162,5.2,-1,8.8,11.3,7.1
13/10/2021,760.91,1328,-1,-1,6.9,10.7,5.1
14/10/2021,765.62,1479,0.4,-1,6.9,10,1.8
15/10/2021,760.67,1296,4.3,-1,8.8,10.5,8.1
16/10/2021,229.49,1174,0.5,-1,6.9,10,4.7
17/10/2021,228.5,1260,-1,-1,6,9.4,4.4
18/10/2021,540.95,1893,-1,-1,4.7,7.3,3.3
19/10/2021,532.69,2182,2.4,-1,3.4,5.9,-0.8
20/10/2021,542.25,1696,17,-1,8.4,11.2,5.3
21/10/2021,563.04,1266,12,-1,10.8,11.8,10
22/10/2021,547.34,1715,3.1,-1,6.2,11.1,5.3
23/10/2021,229.64,1607,0.2,-1,2.2,5.3,1
24/10/2021,229.57,1727,1.5,-1,2.6,6.4,-2.5
25/10/2021,758.2,1570,-1,-1,9.3,10,6.4
26/10/2021,766.98,1507,1.5,-1,8.6,9.5,7.5
27/10/2021,779.55,1541,5.8,-1,8.2,9.5,6.9
28/10/2021,816.29,1513,1.6,-1,8.4,10.7,5.3
29/10/2021,754.5,1309,-1,-1,10.2,11.2,9
30/10/2021,226.32,1108,-1,-1,9,9.7,7.8
31/10/2021,243.39,1143,-1,-1,8.9,9.8,7.1
01/11/2021,783.93,1356,-1,-1,9.1,10.7,8
02/11/2021,724.41,1511,-1,-1,7.8,8.6,6.7
03/11/2021,761.05,1567,6.3,-1,7.4,8,6.7
04/11/2021,772.9,1460,7.1,-1,8.4,9.5,8
05/11/2021,740.59,1584,7.6,-1,6.9,9.1,5.5
06/11/2021,236.34,1331,0.6,-1,5.3,8.3,4
07/11/2021,236.84,1429,6.6,-1,3.6,5.1,1.5
08/11/2021,781.24,2322,-1,-1,1.2,3,-0.8
09/11/2021,796.25,2453,2.8,-1,1.2,5.4,-4.9
10/11/2021,800.75,1710,1.4,-1,8.1,9.6,4.7
11/11/2021,797.28,1841,-1,-1,6.7,9.5,4.1
12/11/2021,745.23,1927,-1,-1,5.7,8,5.1
13/11/2021,232.67,1655,-1,-1,2.4,5.8,-0.5
14/11/2021,232.77,1775,-1,-1,0.9,3.6,-1.9
15/11/2021,770.86,2474,-1,-1,1.4,4.1,-3.3
16/11/2021,766.75,1965,0.5,-1,6.2,7.1,4
17/11/2021,766.5,1895,2,-1,6,6.6,5.5
18/11/2021,765.36,1964,2.4,-1,4.8,6.3,3
19/11/2021,746.37,2171,1.9,-1,3,4.5,1.3
20/11/2021,226.87,1567,-1,-1,3.8,5.7,1.8
21/11/2021,219.57,1764,-1,-1,0.2,3.7,-1.1
22/11/2021,746.37,2789,0.6,-1,-0.8,1.1,-4
23/11/2021,796.45,2613,0.6,-1,1.2,3.6,-1.1
24/11/2021,761.99,2314,1.6,-1,3.2,5.6,-1.7
25/11/2021,810.14,2068,2.5,-1,5.1,7.1,0.1
26/11/2021,757.48,2742,-1,-1,-1.3,4.5,-3.9
27/11/2021,232.81,2257,-1,-1,-6.6,-3.9,-7.6
28/11/2021,216.07,2375,-1,-1,-6,-5.3,-6.8
29/11/2021,761.42,3425,0.6,-1,-4.9,-4.1,-6
30/11/2021,740.5,3785,-1,-1,-8.6,-5.4,-9.5
01/12/2021,737.97,3605,-1,-1,-6.7,-4.1,-10.1
02/12/2021,760.46,3855,-1,-1,-7.7,-6.1,-10.4
03/12/2021,730.37,4120,-1,-1,-9.1,-6.9,-11.6
04/12/2021,216.45,2790,-1,-1,-7.8,-4.3,-11.6
05/12/2021,215.48,3364,-1,-1,-14.3,-10.6,-16.1
06/12/2021,511.18,4883,-1,-1,-12.2,-10,-16.2
07/12/2021,736.89,4832,-1,-1,-13.1,-11.7,-14.6
08/12/2021,745.84,4930,-1,-1,-13.8,-12.4,-16.3
09/12/2021,817.89,4235,-1,2,-6.3,-3.2,-13.1
10/12/2021,781.21,3613,2.9,2,-1.9,-0.7,-4.6
11/12/2021,289.76,2415,4.1,2,0.4,1.1,-0.7
12/12/2021,284.58,2170,0.2,2,1.4,2.1,0.9
13/12/2021,800.52,2733,0.9,2,1.7,2.5,0.3
14/12/2021,784.57,2544,4.5,-1,2.8,3.6,2.3
15/12/2021,757.39,2463,0.3,-1,3.2,4.8,0.3
16/12/2021,789.1,2378,-1,-1,3.3,4.8,2.6
17/12/2021,739.48,2633,1.1,-1,1.1,3.7,0
18/12/2021,231.67,1850,1,-1,2.5,4.3,-0.5
19/12/2021,231.06,1925,0.1,-1,0.3,4.1,-1.3
20/12/2021,738.4,3697,-1,-1,-7.9,-1.4,-10.1
21/12/2021,738.15,4188,-1,-1,-11.2,-7.4,-12.3
22/12/2021,740.37,4284,0.3,-1,-10.7,-8.2,-12.7
23/12/2021,572.89,3339,2,2,-1.2,-0.3,-10.6
24/12/2021,556.1,3993,-1,4,-10.1,-0.5,-13.3
25/12/2021,259.31,2913,-1,3,-11.3,-7.7,-15.2
26/12/2021,258.54,3135,-1,3,-13.2,-7.3,-15.9
27/12/2021,540.82,4462,-1,3,-12.5,-9.7,-13.8
28/12/2021,526.72,3950,-1,3,-5.4,-0.5,-16.3
29/12/2021,523.42,3714,2.1,3,-3.3,-1.8,-4.7
30/12/2021,522.32,3444,2.6,6,-2.1,-1.5,-3.2
31/12/2021,521.77,3055,0.3,7,0.2,2.5,-1.5
